"Status","Start Time","Stop Time","Duration in ms","Parent Suite","Suite","Sub Suite","Test Class","Test Method","Name","Description"
"failed","Sat Oct 03 13:10:53 UTC 2026","Sat Oct 03 13:10:53 UTC 2026","265","","Create","Create Account","","","Create New Account",""
"failed","Sat Oct 03 13:11:12 UTC 2026","Sat Oct 03 13:11:12 UTC 2026","193","","Update","Update Account With Multiple Fields","","","Update Account With Multiple Fields",""
"failed","Sat Oct 03 13:11:05 UTC 2026","Sat Oct 03 13:11:05 UTC 2026","136","","Get","Get Account Details By Valid ID","","","Read Account And Validate Data",""
"failed","Sat Oct 03 13:10:50 UTC 2026","Sat Oct 03 13:10:50 UTC 2026","278","","Delete","Delete Account","","","Delete Account And Validate",""
"failed","Sat Oct 03 13:11:12 UTC 2026","Sat Oct 03 13:11:12 UTC 2026","271","","Update","Update Account With Invalid ID","","","Update Account With Invalid Id",""
"failed","Sat Oct 03 13:10:50 UTC 2026","Sat Oct 03 13:10:51 UTC 2026","227","","Delete","Delete Account With Invalid ID","","","Delete Account With Invalid Id",""
"failed","Sat Oct 03 13:10:53 UTC 2026","Sat Oct 03 13:10:54 UTC 2026","185","","Create","Create Account With Invalid Fields","","","Create Account With Invalid Fields",""
"failed","Sat Oct 03 13:10:53 UTC 2026","Sat Oct 03 13:10:53 UTC 2026","182","","Create","Create Account Invalid Json","","","Create Account With Invalid JSON",""
"failed","Sat Oct 03 13:11:04 UTC 2026","Sat Oct 03 13:11:05 UTC 2026","157","","Get","Get Account Details By Invalid ID","","","Get Account With Invalid Id",""
